Kecamatan,Desa,Kepadatan Penduduk,Hotel,Penginapan,Menara BTS,Bank Pemerintah,Bank Swasta,BPR,KUD,Kopinkra,Kospin,Koperasi Lainnya,Kelompok Pertokoan,Pasar Bangunan Permanen,Pasar Bangunan Semi Permanen,Pasar Tanpa Bangunan,Mini Market,Restoran,Jarak Pasar Ubud,Pasar Sukawati,Alun-Alun Gianyar,Tahun,Cluster,Kategori
Blahbatuh,Saba,1493.0,0,28,3,0,0,5,0,0,6,3,0,0,0,0,5,5,13.0,3.9,8.9,2021,3,Cluster Desa Potensial sebagai Pusat Pertumbuhan Ekonomi Baru
Blahbatuh,Pering,1428.0,0,6,4,0,0,6,0,0,1,5,0,0,0,0,4,1,17.2,5.8,10.6,2021,3,Cluster Desa Potensial sebagai Pusat Pertumbuhan Ekonomi Baru
Blahbatuh,Keramas,2017.0,3,10,4,1,0,1,0,0,7,6,1,1,0,0,9,4,13.8,9.1,4.4,2021,3,Cluster Desa Potensial sebagai Pusat Pertumbuhan Ekonomi Baru
Blahbatuh,Medahan,1569.0,1,10,2,0,0,1,0,0,2,3,0,1,0,0,6,6,14.7,10.4,4.4,2021,3,Cluster Desa Potensial sebagai Pusat Pertumbuhan Ekonomi Baru
Blahbatuh,Bona,2113.0,0,3,3,0,0,1,0,0,2,9,1,1,0,0,1,0,13.0,8.3,3.0,2021,3,Cluster Desa Potensial sebagai Pusat Pertumbuhan Ekonomi Baru
Blahbatuh,Belega,2113.0,0,0,1,0,0,2,0,0,1,8,0,0,0,0,5,1,11.9,7.2,5.3,2021,3,Cluster Desa Potensial sebagai Pusat Pertumbuhan Ekonomi Baru
Blahbatuh,Blahbatuh,2278.0,0,4,4,1,1,7,1,0,5,12,1,2,0,1,8,3,10.3,5.7,5.7,2021,3,Cluster Desa Potensial sebagai Pusat Pertumbuhan Ekonomi Baru
Blahbatuh,Buruan,1634.0,0,0,1,0,0,14,0,0,17,0,0,0,0,0,6,2,9.3,7.7,3.9,2021,3,Cluster Desa Potensial sebagai Pusat Pertumbuhan Ekonomi Baru
Blahbatuh,Bedulu,2468.0,0,10,2,1,0,6,0,0,4,11,1,2,0,2,8,6,5.5,11.1,5.6,2021,3,Cluster Desa Potensial sebagai Pusat Pertumbuhan Ekonomi Baru
Gianyar,Lebih,3731.0,1,1,3,1,0,2,0,0,12,1,0,1,1,0,5,3,15.2,12.2,4.4,2021,3,Cluster Desa Potensial sebagai Pusat Pertumbuhan Ekonomi Baru
Gianyar,Tulikup,1628.0,1,1,6,0,0,2,0,0,12,1,1,1,0,0,6,3,15.0,15.3,4.6,2021,3,Cluster Desa Potensial sebagai Pusat Pertumbuhan Ekonomi Baru
Gianyar,Temesi,1298.0,0,0,1,0,0,1,1,0,5,3,0,0,0,0,5,2,15.5,17.9,5.1,2021,3,Cluster Desa Potensial sebagai Pusat Pertumbuhan Ekonomi Baru
Gianyar,Sidan,2557.0,0,0,4,0,0,1,0,0,1,7,0,0,2,0,2,2,15.2,19.0,4.8,2021,3,Cluster Desa Potensial sebagai Pusat Pertumbuhan Ekonomi Baru
Gianyar,Samplangan,2114.0,0,6,2,0,0,4,0,0,5,2,0,1,0,0,6,1,12.2,13.5,2.2,2021,3,Cluster Desa Potensial sebagai Pusat Pertumbuhan Ekonomi Baru
Gianyar,Serongga,3040.0,1,0,3,0,0,1,0,0,0,5,0,0,1,0,2,0,14.8,14.9,3.9,2021,3,Cluster Desa Potensial sebagai Pusat Pertumbuhan Ekonomi Baru
Gianyar,Abianbase,1534.0,1,0,3,0,0,2,0,0,1,4,1,0,2,0,3,5,12.9,11.5,1.8,2021,3,Cluster Desa Potensial sebagai Pusat Pertumbuhan Ekonomi Baru
Gianyar,Gianyar,6841.0,1,5,10,10,6,5,0,0,33,10,7,1,1,1,18,7,10.8,13.4,0.85,2021,2,Cluster Desa Maju Perkotaan
Gianyar,Beng,2032.0,0,0,1,0,0,1,0,0,1,8,1,0,2,0,9,1,10.9,13.6,1.8,2021,3,Cluster Desa Potensial sebagai Pusat Pertumbuhan Ekonomi Baru
Gianyar,Bitera,1782.0,1,0,2,1,0,4,2,0,4,7,0,1,0,0,1,4,8.9,12.3,2.2,2021,3,Cluster Desa Potensial sebagai Pusat Pertumbuhan Ekonomi Baru
Gianyar,Bakbakan,1237.0,0,3,2,0,0,2,0,0,8,6,0,0,0,0,1,0,10.8,15.4,4.8,2021,3,Cluster Desa Potensial sebagai Pusat Pertumbuhan Ekonomi Baru
Gianyar,Siangan,1795.0,0,7,3,0,0,5,1,0,5,6,0,0,1,0,2,0,10.8,13.4,5.9,2021,3,Cluster Desa Potensial sebagai Pusat Pertumbuhan Ekonomi Baru
Gianyar,Suwat,854.0,0,0,0,0,0,2,0,0,2,4,0,0,1,0,1,0,11.5,18.2,8.5,2021,3,Cluster Desa Potensial sebagai Pusat Pertumbuhan Ekonomi Baru
Gianyar,Petak,1271.0,1,2,1,0,0,5,0,0,2,2,0,0,0,1,0,1,14.6,19.1,8.6,2021,3,Cluster Desa Potensial sebagai Pusat Pertumbuhan Ekonomi Baru
Gianyar,Petak Kaja,1252.0,0,0,2,0,0,3,0,0,4,1,0,0,1,0,3,0,15.3,22.2,11.6,2021,3,Cluster Desa Potensial sebagai Pusat Pertumbuhan Ekonomi Baru
Gianyar,Sumita,1642.0,0,0,1,0,0,1,0,0,1,7,0,0,0,0,0,0,13.8,20.5,10.8,2021,3,Cluster Desa Potensial sebagai Pusat Pertumbuhan Ekonomi Baru
Gianyar,Tegal Tugu,3452.0,0,0,2,0,0,1,0,0,5,2,0,0,0,0,1,0,12.9,15.3,2.3,2021,3,Cluster Desa Potensial sebagai Pusat Pertumbuhan Ekonomi Baru
Payangan,Melinggih Kelod,963.0,4,8,2,1,0,4,0,0,1,8,0,0,0,0,2,2,8.7,20.2,20.2,2021,1,Cluster Desa Perlu Dibantu
Payangan,Melinggih,1540.0,0,2,3,4,0,6,1,0,1,3,5,1,1,2,5,1,11.2,22.7,22.7,2021,1,Cluster Desa Perlu Dibantu
Payangan,Kelusa,737.0,1,12,2,0,0,3,0,0,11,0,0,0,0,0,0,0,9.5,19.9,19.6,2021,1,Cluster Desa Perlu Dibantu
Payangan,Beresela,934.0,1,7,1,0,0,1,0,0,0,5,0,0,0,0,2,3,12.1,22.0,21.7,2021,1,Cluster Desa Perlu Dibantu
Payangan,Bukian,822.0,0,1,1,0,0,8,0,0,14,3,0,0,0,0,2,0,15.5,27.0,26.9,2021,1,Cluster Desa Perlu Dibantu
Payangan,Puhu,435.0,4,0,2,0,0,6,0,0,6,1,0,1,0,0,3,0,16.3,27.8,27.8,2021,1,Cluster Desa Perlu Dibantu
Payangan,Buahan,404.0,3,1,1,0,0,5,0,0,0,8,0,1,0,0,0,0,16.6,28.1,28.1,2021,1,Cluster Desa Perlu Dibantu
Payangan,Buahan Kaja,416.0,0,3,1,0,0,8,0,0,0,2,0,1,0,0,0,0,23.6,35.0,35.0,2021,1,Cluster Desa Perlu Dibantu
Payangan,Kerta,388.0,0,4,3,0,0,8,0,0,3,2,0,1,0,0,0,0,27.0,38.5,38.4,2021,1,Cluster Desa Perlu Dibantu
Sukawati,Batubulan,3389.0,0,6,12,4,1,14,0,0,5,37,4,7,0,2,29,40,13.2,6.0,17.4,2021,2,Cluster Desa Maju Perkotaan
Sukawati,Batubulan Kangin,2778.0,0,0,3,0,0,2,0,0,2,10,0,2,0,0,0,0,13.4,3.4,14.7,2021,3,Cluster Desa Potensial sebagai Pusat Pertumbuhan Ekonomi Baru
Sukawati,Ketewel,1689.0,0,10,6,2,0,3,0,0,2,18,0,1,1,0,9,4,16.4,5.0,14.1,2021,3,Cluster Desa Potensial sebagai Pusat Pertumbuhan Ekonomi Baru
Sukawati,Guwang,1440.0,0,1,2,0,0,1,0,1,1,10,1,2,0,0,4,3,14.0,2.5,14.6,2021,3,Cluster Desa Potensial sebagai Pusat Pertumbuhan Ekonomi Baru
Sukawati,Sukawati,1762.0,0,10,4,6,1,9,1,0,3,19,3,5,0,2,5,27,11.4,0.021,11.3,2021,0,Cluster Desa Maju Pariwisata
Sukawati,Celuk,1488.0,0,3,3,0,0,4,0,0,2,6,0,2,0,0,2,0,11.7,1.9,13.2,2021,3,Cluster Desa Potensial sebagai Pusat Pertumbuhan Ekonomi Baru
Sukawati,Singapadu,1661.0,0,3,4,3,0,4,0,0,3,8,1,1,0,0,8,3,10.3,4.2,14.5,2021,3,Cluster Desa Potensial sebagai Pusat Pertumbuhan Ekonomi Baru
Sukawati,Singapadu Tengah,1634.0,0,13,3,0,0,5,0,0,3,9,0,1,0,0,11,2,8.8,5.6,12.9,2021,3,Cluster Desa Potensial sebagai Pusat Pertumbuhan Ekonomi Baru
Sukawati,Singapadu Kaler,1938.0,0,5,4,1,0,3,0,0,4,8,0,1,0,0,9,7,6.9,7.2,11.8,2021,3,Cluster Desa Potensial sebagai Pusat Pertumbuhan Ekonomi Baru
Sukawati,Batuan,2168.0,0,14,2,0,0,4,0,0,3,24,2,1,0,0,2,3,9.5,2.0,10.7,2021,3,Cluster Desa Potensial sebagai Pusat Pertumbuhan Ekonomi Baru
Sukawati,Batuan Kaler,1707.0,0,2,1,1,0,1,0,0,7,4,0,0,0,0,5,5,7.9,3.6,9.1,2021,3,Cluster Desa Potensial sebagai Pusat Pertumbuhan Ekonomi Baru
Sukawati,Kemenuh,1380.0,2,92,3,0,0,7,0,0,5,15,3,1,0,0,5,9,8.8,4.1,7.2,2021,3,Cluster Desa Potensial sebagai Pusat Pertumbuhan Ekonomi Baru
Tampaksiring,Pejeng Kawan,1465.09,0,29,1,0,0,1,0,0,0,7,0,0,0,0,0,0,2.7,12.3,8.5,2021,3,Cluster Desa Potensial sebagai Pusat Pertumbuhan Ekonomi Baru
Tampaksiring,Pejeng,2155.87,0,11,2,1,0,3,1,0,8,6,3,2,0,1,7,4,4.0,12.5,7.4,2021,3,Cluster Desa Potensial sebagai Pusat Pertumbuhan Ekonomi Baru
Tampaksiring,Pejeng Kelod,1328.16,0,6,4,0,0,5,0,0,1,3,0,1,0,0,2,0,5.6,12.9,5.7,2021,3,Cluster Desa Potensial sebagai Pusat Pertumbuhan Ekonomi Baru
Tampaksiring,Pejeng Kangin,1437.93,1,8,4,0,0,5,0,0,0,8,0,0,0,0,3,0,7.8,16.2,9.0,2021,3,Cluster Desa Potensial sebagai Pusat Pertumbuhan Ekonomi Baru
Tampaksiring,Pejeng Kaja,1479.16,2,9,4,0,0,4,0,0,3,10,0,1,0,0,2,0,7.7,16.9,11.8,2021,3,Cluster Desa Potensial sebagai Pusat Pertumbuhan Ekonomi Baru
Tampaksiring,Sanding,1029.82,0,4,1,0,0,1,0,0,2,7,1,0,1,0,3,1,8.8,18.8,13.7,2021,3,Cluster Desa Potensial sebagai Pusat Pertumbuhan Ekonomi Baru
Tampaksiring,Tampaksiring,1317.74,2,3,4,4,0,7,0,0,0,13,5,1,0,1,13,6,12.7,22.7,16.9,2021,1,Cluster Desa Perlu Dibantu
Tampaksiring,Manukaya,832.62,0,0,5,0,0,10,0,0,4,13,2,1,0,0,4,5,14.8,24.8,19.0,2021,1,Cluster Desa Perlu Dibantu
Tegallalang,Keliki,1049.0,10,71,1,0,0,2,0,0,12,10,0,0,0,1,1,4,10.5,20.1,19.8,2021,1,Cluster Desa Perlu Dibantu
Tegallalang,Tegallalang,1930.0,4,12,6,2,0,8,0,0,7,11,7,2,1,0,12,10,8.7,18.3,17.9,2021,0,Cluster Desa Maju Pariwisata
Tegallalang,Kenderan,838.0,3,30,3,0,0,3,0,0,10,4,0,0,0,0,0,0,7.8,17.4,17.0,2021,3,Cluster Desa Potensial sebagai Pusat Pertumbuhan Ekonomi Baru
Tegallalang,Kedisan,1961.0,0,13,2,0,0,5,0,0,9,7,0,0,0,0,3,6,13.2,25.2,20.2,2021,1,Cluster Desa Perlu Dibantu
Tegallalang,Pupuan,830.0,1,5,0,0,0,7,0,0,7,6,0,0,0,0,1,1,19.1,28.5,22.7,2021,1,Cluster Desa Perlu Dibantu
Tegallalang,Sebatu,626.0,3,16,4,0,0,9,0,0,19,9,3,1,0,0,11,3,14.5,24.1,22.0,2021,1,Cluster Desa Perlu Dibantu
Tegallalang,Taro,755.0,0,4,1,0,0,12,0,0,4,14,0,1,0,0,2,5,18.4,29.3,29.1,2021,1,Cluster Desa Perlu Dibantu
Ubud,Singakerta,1517.0,10,17,5,0,0,6,0,0,1,15,0,2,0,2,10,3,6.0,8.1,12.6,2021,0,Cluster Desa Maju Pariwisata
Ubud,Lodtunduh,1248.0,5,9,3,0,0,4,0,0,5,11,0,0,0,1,4,4,6.2,5.8,10.3,2021,3,Cluster Desa Potensial sebagai Pusat Pertumbuhan Ekonomi Baru
Ubud,Mas,2692.0,15,99,5,1,0,6,0,0,7,15,1,2,0,1,11,37,5.0,6.4,10.2,2021,0,Cluster Desa Maju Pariwisata
Ubud,Peliatan,1738.0,4,99,9,2,4,5,0,0,6,12,2,1,0,1,17,20,2.2,9.4,8.5,2021,0,Cluster Desa Maju Pariwisata
Ubud,Petulu,2227.0,6,99,1,1,4,4,0,0,3,7,1,0,0,0,6,14,2.9,12.5,12.1,2021,0,Cluster Desa Maju Pariwisata
Ubud,Ubud,1632.0,29,99,8,2,2,6,1,0,5,14,21,1,0,0,33,99,0.006,11.6,11.2,2021,0,Cluster Desa Maju Pariwisata
Ubud,Sayan,1393.0,11,99,5,1,0,2,0,0,2,12,1,2,0,2,8,20,2.6,13.2,13.9,2021,0,Cluster Desa Maju Pariwisata
Ubud,Kedewatan,1576.0,12,33,3,1,0,6,0,0,7,7,5,0,1,1,8,22,4.9,16.4,17.4,2021,0,Cluster Desa Maju Pariwisata
Blahbatuh,Saba,1499.0,0,28,3,0,0,5,0,0,6,3,0,0,0,0,5,5,13.0,3.9,8.9,2022,3,Cluster Desa Potensial sebagai Pusat Pertumbuhan Ekonomi Baru
Blahbatuh,Pering,1446.0,0,6,4,0,0,6,0,0,1,5,0,0,0,0,4,1,17.2,5.8,10.6,2022,3,Cluster Desa Potensial sebagai Pusat Pertumbuhan Ekonomi Baru
Blahbatuh,Keramas,2018.0,3,10,4,1,0,1,0,0,7,6,1,1,0,0,9,4,13.8,9.1,4.4,2022,3,Cluster Desa Potensial sebagai Pusat Pertumbuhan Ekonomi Baru
Blahbatuh,Medahan,1558.0,1,10,2,0,0,1,0,0,2,3,0,1,0,0,6,6,14.7,10.4,4.4,2022,3,Cluster Desa Potensial sebagai Pusat Pertumbuhan Ekonomi Baru
Blahbatuh,Bona,2113.0,0,3,3,0,0,1,0,0,2,9,1,1,0,0,1,0,13.0,8.3,3.0,2022,3,Cluster Desa Potensial sebagai Pusat Pertumbuhan Ekonomi Baru
Blahbatuh,Belega,2124.0,0,0,1,0,0,2,0,0,1,8,0,0,0,0,5,1,11.9,7.2,5.3,2022,3,Cluster Desa Potensial sebagai Pusat Pertumbuhan Ekonomi Baru
Blahbatuh,Blahbatuh,2278.0,0,4,4,1,1,7,1,0,5,12,1,2,0,1,8,3,10.3,5.7,5.7,2022,3,Cluster Desa Potensial sebagai Pusat Pertumbuhan Ekonomi Baru
Blahbatuh,Buruan,1652.0,0,0,1,0,0,14,0,0,17,0,0,0,0,0,6,2,9.3,7.7,3.9,2022,3,Cluster Desa Potensial sebagai Pusat Pertumbuhan Ekonomi Baru
Blahbatuh,Bedulu,2470.0,0,10,2,1,0,6,0,0,4,11,1,2,0,2,8,6,5.5,11.1,5.6,2022,3,Cluster Desa Potensial sebagai Pusat Pertumbuhan Ekonomi Baru
Gianyar,Lebih,3737.0,1,1,3,1,0,2,0,0,12,1,0,1,1,0,5,3,15.2,12.2,4.4,2022,3,Cluster Desa Potensial sebagai Pusat Pertumbuhan Ekonomi Baru
Gianyar,Tulikup,1616.0,1,1,6,0,0,2,0,0,12,1,1,1,0,0,6,3,15.0,15.3,4.6,2022,3,Cluster Desa Potensial sebagai Pusat Pertumbuhan Ekonomi Baru
Gianyar,Temesi,1303.0,0,0,1,0,0,1,1,0,5,3,0,0,0,0,5,2,15.5,17.9,5.1,2022,3,Cluster Desa Potensial sebagai Pusat Pertumbuhan Ekonomi Baru
Gianyar,Sidan,2560.0,0,0,4,0,0,1,0,0,1,7,0,0,2,0,2,2,15.2,19.0,4.8,2022,3,Cluster Desa Potensial sebagai Pusat Pertumbuhan Ekonomi Baru
Gianyar,Samplangan,2122.0,0,6,2,0,0,4,0,0,5,2,0,1,0,0,6,1,12.2,13.5,2.2,2022,3,Cluster Desa Potensial sebagai Pusat Pertumbuhan Ekonomi Baru
Gianyar,Serongga,3029.0,1,0,3,0,0,1,0,0,0,5,0,0,1,0,2,0,14.8,14.9,3.9,2022,3,Cluster Desa Potensial sebagai Pusat Pertumbuhan Ekonomi Baru
Gianyar,Abianbase,1556.0,1,0,3,0,0,2,0,0,1,4,1,0,2,0,3,5,12.9,11.5,1.8,2022,3,Cluster Desa Potensial sebagai Pusat Pertumbuhan Ekonomi Baru
Gianyar,Gianyar,7015.0,1,5,10,10,6,5,0,0,33,10,6,1,1,1,18,7,10.8,13.4,0.85,2022,2,Cluster Desa Maju Perkotaan
Gianyar,Beng,2048.0,0,0,1,0,0,1,0,0,1,8,1,0,2,0,9,1,10.9,13.6,1.8,2022,3,Cluster Desa Potensial sebagai Pusat Pertumbuhan Ekonomi Baru
Gianyar,Bitera,3096.0,1,0,2,1,0,4,1,0,4,7,0,1,0,0,1,4,8.9,12.3,2.2,2022,3,Cluster Desa Potensial sebagai Pusat Pertumbuhan Ekonomi Baru
Gianyar,Bakbakan,1245.0,0,3,2,0,0,2,0,0,8,6,0,0,0,0,1,0,10.8,15.4,4.8,2022,3,Cluster Desa Potensial sebagai Pusat Pertumbuhan Ekonomi Baru
Gianyar,Siangan,1807.0,0,7,3,0,0,5,0,0,5,6,0,0,1,0,2,0,10.8,13.4,5.9,2022,3,Cluster Desa Potensial sebagai Pusat Pertumbuhan Ekonomi Baru
Gianyar,Suwat,858.0,0,0,0,0,0,2,0,0,2,4,0,0,1,0,1,0,11.5,18.2,8.5,2022,3,Cluster Desa Potensial sebagai Pusat Pertumbuhan Ekonomi Baru
Gianyar,Petak,1263.0,1,2,1,0,0,5,0,0,2,2,0,0,0,0,0,1,14.6,19.1,8.6,2022,3,Cluster Desa Potensial sebagai Pusat Pertumbuhan Ekonomi Baru
Gianyar,Petak Kaja,1259.0,0,0,2,0,0,3,0,0,4,1,0,0,1,0,3,0,15.3,22.2,11.6,2022,3,Cluster Desa Potensial sebagai Pusat Pertumbuhan Ekonomi Baru
Gianyar,Sumita,1648.0,0,0,1,0,0,1,0,0,1,7,0,0,0,0,0,0,13.8,20.5,10.8,2022,3,Cluster Desa Potensial sebagai Pusat Pertumbuhan Ekonomi Baru
Gianyar,Tegal Tugu,3473.0,0,0,2,0,0,1,0,0,5,2,0,0,0,0,1,0,12.9,15.3,2.3,2022,3,Cluster Desa Potensial sebagai Pusat Pertumbuhan Ekonomi Baru
Payangan,Melinggih Kelod,960.0,4,8,2,1,0,4,0,0,1,8,0,0,0,0,2,2,8.7,20.2,20.2,2022,1,Cluster Desa Perlu Dibantu
Payangan,Melinggih,1533.0,0,2,3,4,0,6,1,0,1,3,5,1,1,2,5,1,11.2,22.7,22.7,2022,1,Cluster Desa Perlu Dibantu
Payangan,Kelusa,736.0,1,12,2,0,0,3,0,0,11,0,0,0,0,0,0,0,9.5,19.9,19.6,2022,1,Cluster Desa Perlu Dibantu
Payangan,Beresela,937.0,1,7,1,0,0,1,0,0,0,5,0,0,0,0,2,3,12.1,22.0,21.7,2022,1,Cluster Desa Perlu Dibantu
Payangan,Bukian,819.0,0,1,1,0,0,8,0,0,14,3,0,0,0,0,2,0,15.5,27.0,26.9,2022,1,Cluster Desa Perlu Dibantu
Payangan,Puhu,436.0,4,0,2,0,0,6,0,0,6,1,0,1,0,0,3,0,16.3,27.8,27.8,2022,1,Cluster Desa Perlu Dibantu
Payangan,Buahan,401.0,3,1,1,0,0,5,0,0,0,8,0,1,0,0,0,0,16.6,28.1,28.1,2022,1,Cluster Desa Perlu Dibantu
Payangan,Buahan Kaja,413.0,0,3,1,0,0,8,0,0,0,2,0,1,0,0,0,0,23.6,35.0,35.0,2022,1,Cluster Desa Perlu Dibantu
Payangan,Kerta,390.0,0,4,3,0,0,8,0,0,3,2,0,1,0,0,0,0,27.0,38.5,38.4,2022,1,Cluster Desa Perlu Dibantu
Sukawati,Batubulan,3367.0,0,6,12,4,1,14,0,0,5,37,4,7,0,2,29,40,13.2,6.0,17.4,2022,2,Cluster Desa Maju Perkotaan
Sukawati,Batubulan Kangin,2810.0,0,0,3,0,0,2,0,0,2,10,0,2,0,0,0,0,13.4,3.4,14.7,2022,3,Cluster Desa Potensial sebagai Pusat Pertumbuhan Ekonomi Baru
Sukawati,Ketewel,1686.0,0,10,6,2,0,3,0,0,2,18,0,1,1,0,9,4,16.4,5.0,14.1,2022,3,Cluster Desa Potensial sebagai Pusat Pertumbuhan Ekonomi Baru
Sukawati,Guwang,1441.0,0,1,2,0,0,1,0,1,1,10,1,2,0,0,4,3,14.0,2.5,14.6,2022,3,Cluster Desa Potensial sebagai Pusat Pertumbuhan Ekonomi Baru
Sukawati,Sukawati,1748.0,0,10,4,6,1,9,1,0,3,19,3,5,0,2,5,27,11.4,0.021,11.3,2022,0,Cluster Desa Maju Pariwisata
Sukawati,Celuk,1485.0,0,3,3,0,0,4,0,0,2,6,0,2,0,0,2,0,11.7,1.9,13.2,2022,3,Cluster Desa Potensial sebagai Pusat Pertumbuhan Ekonomi Baru
Sukawati,Singapadu,1665.0,0,3,4,3,0,4,0,0,3,8,1,1,0,0,8,3,10.3,4.2,14.5,2022,3,Cluster Desa Potensial sebagai Pusat Pertumbuhan Ekonomi Baru
Sukawati,Singapadu Tengah,671.0,0,13,3,0,0,5,0,0,3,9,0,1,0,0,11,2,8.8,5.6,12.9,2022,3,Cluster Desa Potensial sebagai Pusat Pertumbuhan Ekonomi Baru
Sukawati,Singapadu Kaler,1897.0,0,5,4,1,0,3,0,0,4,8,0,1,0,0,9,7,6.9,7.2,11.8,2022,3,Cluster Desa Potensial sebagai Pusat Pertumbuhan Ekonomi Baru
Sukawati,Batuan,2170.0,0,14,2,0,0,4,0,0,3,24,2,1,0,0,2,3,9.5,2.0,10.7,2022,3,Cluster Desa Potensial sebagai Pusat Pertumbuhan Ekonomi Baru
Sukawati,Batuan Kaler,1701.0,0,2,1,1,0,1,0,0,7,4,0,0,0,0,5,5,7.9,3.6,9.1,2022,3,Cluster Desa Potensial sebagai Pusat Pertumbuhan Ekonomi Baru
Sukawati,Kemenuh,1370.0,2,92,3,0,0,7,0,0,5,15,3,1,0,0,5,9,8.8,4.1,7.2,2022,3,Cluster Desa Potensial sebagai Pusat Pertumbuhan Ekonomi Baru
Tampaksiring,Pejeng Kawan,1464.0,0,29,1,0,0,1,0,0,0,7,0,0,0,0,0,0,2.7,12.3,8.5,2022,3,Cluster Desa Potensial sebagai Pusat Pertumbuhan Ekonomi Baru
Tampaksiring,Pejeng,2131.0,0,11,2,1,0,3,1,0,8,6,3,2,0,1,7,4,4.0,12.5,7.4,2022,3,Cluster Desa Potensial sebagai Pusat Pertumbuhan Ekonomi Baru
Tampaksiring,Pejeng Kelod,1320.0,0,6,4,0,0,5,0,0,1,3,0,1,0,0,2,0,5.6,12.9,5.7,2022,3,Cluster Desa Potensial sebagai Pusat Pertumbuhan Ekonomi Baru
Tampaksiring,Pejeng Kangin,1437.0,1,8,4,0,0,5,0,0,0,8,0,0,0,0,3,0,7.8,16.2,9.0,2022,3,Cluster Desa Potensial sebagai Pusat Pertumbuhan Ekonomi Baru
Tampaksiring,Pejeng Kaja,1482.0,2,9,4,0,0,4,0,0,3,10,0,1,0,0,2,0,7.7,16.9,11.8,2022,3,Cluster Desa Potensial sebagai Pusat Pertumbuhan Ekonomi Baru
Tampaksiring,Sanding,1031.0,0,4,1,0,0,1,0,0,2,7,1,0,1,0,3,1,8.8,18.8,13.7,2022,3,Cluster Desa Potensial sebagai Pusat Pertumbuhan Ekonomi Baru
Tampaksiring,Tampaksiring,1314.0,2,3,4,4,0,7,0,0,0,13,5,1,0,1,13,6,12.7,22.7,16.9,2022,1,Cluster Desa Perlu Dibantu
Tampaksiring,Manukaya,833.0,0,0,5,0,0,10,0,0,4,13,2,1,0,0,4,5,14.8,24.8,19.0,2022,1,Cluster Desa Perlu Dibantu
Tegallalang,Keliki,1052.16,10,71,1,0,0,2,0,0,12,10,0,0,0,0,0,8,10.5,20.1,19.8,2022,1,Cluster Desa Perlu Dibantu
Tegallalang,Tegallalang,1946.41,4,12,6,2,0,8,0,0,7,11,7,2,1,1,2,12,8.7,18.3,17.9,2022,0,Cluster Desa Maju Pariwisata
Tegallalang,Kenderan,852.77,3,30,3,0,0,3,0,0,10,4,0,0,0,0,15,2,7.8,17.4,17.0,2022,3,Cluster Desa Potensial sebagai Pusat Pertumbuhan Ekonomi Baru
Tegallalang,Kedisan,1953.42,0,13,2,0,0,5,0,0,9,7,0,0,0,0,1,6,13.2,25.2,20.2,2022,1,Cluster Desa Perlu Dibantu
Tegallalang,Pupuan,837.66,1,5,0,0,0,7,0,0,7,6,0,0,0,0,1,1,19.1,28.5,22.7,2022,1,Cluster Desa Perlu Dibantu
Tegallalang,Sebatu,625.66,3,16,4,0,0,9,0,0,19,9,3,1,0,0,4,5,14.5,24.1,22.0,2022,1,Cluster Desa Perlu Dibantu
Tegallalang,Taro,760.61,0,4,1,0,0,12,0,0,4,14,0,1,0,0,6,6,18.4,29.3,29.1,2022,1,Cluster Desa Perlu Dibantu
Ubud,Singakerta,1519.56,10,17,5,0,0,6,0,0,1,15,0,2,0,2,10,3,6.0,8.1,12.6,2022,0,Cluster Desa Maju Pariwisata
Ubud,Lodtunduh,1250.72,5,9,3,0,0,4,0,0,5,11,0,0,0,1,4,4,6.2,5.8,10.3,2022,3,Cluster Desa Potensial sebagai Pusat Pertumbuhan Ekonomi Baru
Ubud,Mas,2700.0,15,99,5,1,0,6,0,0,7,15,1,2,0,1,11,37,5.0,6.4,10.2,2022,0,Cluster Desa Maju Pariwisata
Ubud,Peliatan,1736.31,4,99,9,2,4,5,0,0,6,12,2,1,0,1,17,20,2.2,9.4,8.5,2022,0,Cluster Desa Maju Pariwisata
Ubud,Petulu,2248.5,6,99,1,1,4,4,0,0,3,7,1,0,0,0,6,14,2.9,12.5,12.1,2022,0,Cluster Desa Maju Pariwisata
Ubud,Ubud,1634.84,29,99,8,2,2,6,1,0,5,14,21,1,0,0,33,99,0.006,11.6,11.2,2022,0,Cluster Desa Maju Pariwisata
Ubud,Sayan,1397.23,11,99,5,1,0,2,0,0,2,12,1,2,0,2,8,20,2.6,13.2,13.9,2022,0,Cluster Desa Maju Pariwisata
Ubud,Kedewatan,1576.09,12,33,3,1,0,6,0,0,7,7,5,0,1,1,8,22,4.9,16.4,17.4,2022,0,Cluster Desa Maju Pariwisata
Blahbatuh,Saba,1509.0,0,28,3,0,0,4,0,0,6,3,0,0,0,0,6,5,13.0,3.9,8.9,2023,3,Cluster Desa Potensial sebagai Pusat Pertumbuhan Ekonomi Baru
Blahbatuh,Pering,1465.0,0,6,4,0,0,6,0,0,2,5,1,0,0,0,6,1,17.2,5.8,10.6,2023,3,Cluster Desa Potensial sebagai Pusat Pertumbuhan Ekonomi Baru
Blahbatuh,Keramas,2030.0,3,10,4,1,0,1,0,0,7,6,1,1,0,0,8,5,13.8,9.1,4.4,2023,3,Cluster Desa Potensial sebagai Pusat Pertumbuhan Ekonomi Baru
Blahbatuh,Medahan,1550.0,1,11,2,0,0,1,0,0,2,3,0,1,0,0,6,8,14.7,10.4,4.4,2023,3,Cluster Desa Potensial sebagai Pusat Pertumbuhan Ekonomi Baru
Blahbatuh,Bona,2134.0,0,2,3,0,0,1,0,0,1,7,0,1,0,0,2,0,13.0,8.3,3.0,2023,3,Cluster Desa Potensial sebagai Pusat Pertumbuhan Ekonomi Baru
Blahbatuh,Belega,2124.0,0,0,2,0,0,2,0,0,3,8,0,0,0,0,5,2,11.9,7.2,5.3,2023,3,Cluster Desa Potensial sebagai Pusat Pertumbuhan Ekonomi Baru
Blahbatuh,Blahbatuh,2267.0,0,4,4,2,0,5,1,0,5,12,1,1,1,1,7,5,10.3,5.7,5.7,2023,3,Cluster Desa Potensial sebagai Pusat Pertumbuhan Ekonomi Baru
Blahbatuh,Buruan,1659.0,1,0,2,0,0,14,0,0,0,10,0,0,0,0,7,2,9.3,7.7,3.9,2023,3,Cluster Desa Potensial sebagai Pusat Pertumbuhan Ekonomi Baru
Blahbatuh,Bedulu,2493.0,1,10,2,0,0,6,0,0,4,10,1,2,0,2,8,6,5.5,11.1,5.6,2023,3,Cluster Desa Potensial sebagai Pusat Pertumbuhan Ekonomi Baru
Gianyar,Lebih,3756.0,1,1,3,1,0,2,1,0,8,3,0,1,1,0,5,5,15.2,12.2,4.4,2023,3,Cluster Desa Potensial sebagai Pusat Pertumbuhan Ekonomi Baru
Gianyar,Tulikup,1626.0,1,1,6,0,0,2,0,0,1,7,0,1,0,0,6,4,15.0,15.3,4.6,2023,3,Cluster Desa Potensial sebagai Pusat Pertumbuhan Ekonomi Baru
Gianyar,Temesi,1318.0,0,0,1,0,0,1,1,0,5,3,0,0,0,0,6,3,15.5,17.9,5.1,2023,3,Cluster Desa Potensial sebagai Pusat Pertumbuhan Ekonomi Baru
Gianyar,Sidan,2581.0,0,0,4,0,0,1,0,0,1,7,0,1,0,0,1,2,15.2,19.0,4.8,2023,3,Cluster Desa Potensial sebagai Pusat Pertumbuhan Ekonomi Baru
Gianyar,Samplangan,2130.0,0,6,2,0,0,4,0,0,2,0,0,1,1,0,7,1,12.2,13.5,2.2,2023,3,Cluster Desa Potensial sebagai Pusat Pertumbuhan Ekonomi Baru
Gianyar,Serongga,3060.0,1,0,4,0,0,1,0,0,0,5,0,0,1,0,2,0,14.8,14.9,3.9,2023,3,Cluster Desa Potensial sebagai Pusat Pertumbuhan Ekonomi Baru
Gianyar,Abianbase,1580.0,1,2,3,1,0,2,0,0,1,3,1,0,1,0,6,5,12.9,11.5,1.8,2023,3,Cluster Desa Potensial sebagai Pusat Pertumbuhan Ekonomi Baru
Gianyar,Gianyar,7124.0,1,5,10,10,6,6,0,0,33,10,5,1,0,1,15,10,10.8,13.4,0.85,2023,2,Cluster Desa Maju Perkotaan
Gianyar,Beng,2073.0,1,0,1,0,0,1,0,0,4,0,0,1,0,0,11,1,10.9,13.6,1.8,2023,3,Cluster Desa Potensial sebagai Pusat Pertumbuhan Ekonomi Baru
Gianyar,Bitera,1789.0,1,0,2,1,0,5,1,0,4,7,1,1,0,0,7,5,8.9,12.3,2.2,2023,3,Cluster Desa Potensial sebagai Pusat Pertumbuhan Ekonomi Baru
Gianyar,Bakbakan,1248.0,0,0,2,0,0,4,0,0,12,0,0,0,0,0,1,0,10.8,15.4,4.8,2023,3,Cluster Desa Potensial sebagai Pusat Pertumbuhan Ekonomi Baru
Gianyar,Siangan,1821.0,0,7,3,0,0,6,0,1,5,6,0,0,1,0,5,0,10.8,13.4,5.9,2023,3,Cluster Desa Potensial sebagai Pusat Pertumbuhan Ekonomi Baru
Gianyar,Suwat,851.0,0,0,0,0,0,2,0,0,1,4,0,0,1,0,1,0,11.5,18.2,8.5,2023,3,Cluster Desa Potensial sebagai Pusat Pertumbuhan Ekonomi Baru
Gianyar,Petak,1264.0,1,2,1,0,0,5,0,0,2,0,0,0,0,0,1,0,14.6,19.1,8.6,2023,3,Cluster Desa Potensial sebagai Pusat Pertumbuhan Ekonomi Baru
Gianyar,Petak Kaja,1276.0,0,0,2,0,0,3,0,0,4,1,0,0,1,0,3,0,15.3,22.2,11.6,2023,3,Cluster Desa Potensial sebagai Pusat Pertumbuhan Ekonomi Baru
Gianyar,Sumita,1661.0,1,0,1,0,0,1,0,0,1,6,0,0,0,0,0,0,13.8,20.5,10.8,2023,3,Cluster Desa Potensial sebagai Pusat Pertumbuhan Ekonomi Baru
Gianyar,Tegal Tugu,1153.0,0,0,2,0,0,1,0,0,5,1,0,0,0,0,1,0,12.9,15.3,2.3,2023,3,Cluster Desa Potensial sebagai Pusat Pertumbuhan Ekonomi Baru
Payangan,Melinggih Kelod,962.0,4,9,2,1,0,4,0,0,1,8,1,0,0,0,5,4,8.7,20.2,20.2,2023,1,Cluster Desa Perlu Dibantu
Payangan,Melinggih,1539.0,0,2,3,2,0,5,1,0,1,3,1,1,1,2,5,4,11.2,22.7,22.7,2023,1,Cluster Desa Perlu Dibantu
Payangan,Kelusa,745.0,1,28,2,0,0,3,0,0,10,0,0,0,0,0,3,0,9.5,19.9,19.6,2023,1,Cluster Desa Perlu Dibantu
Payangan,Bresela,942.0,4,12,1,0,0,1,0,0,5,1,0,0,0,0,3,3,12.1,22.0,21.7,2023,1,Cluster Desa Perlu Dibantu
Payangan,Bukian,827.0,0,9,2,0,0,8,0,0,13,2,0,0,0,0,2,0,15.5,27.0,26.9,2023,1,Cluster Desa Perlu Dibantu
Payangan,Puhu,438.0,5,15,2,0,0,6,0,0,8,0,0,1,0,1,3,0,16.3,27.8,27.8,2023,1,Cluster Desa Perlu Dibantu
Payangan,Buahan,404.0,3,2,1,0,0,5,0,0,3,0,0,1,0,0,1,0,16.6,28.1,28.1,2023,1,Cluster Desa Perlu Dibantu
Payangan,Buahan Kaja,416.0,1,7,2,0,0,8,0,0,2,0,0,1,0,0,2,1,23.6,35.0,35.0,2023,1,Cluster Desa Perlu Dibantu
Payangan,Kerta,394.0,0,4,3,0,0,8,0,0,4,1,0,1,0,0,0,0,27.0,38.5,38.4,2023,1,Cluster Desa Perlu Dibantu
Sukawati,Batubulan,3420.0,0,8,13,4,0,16,1,0,9,16,4,7,0,2,31,30,13.2,6.0,17.4,2023,2,Cluster Desa Maju Perkotaan
Sukawati,Batubulan Kangin,2857.0,0,0,4,0,0,2,0,0,3,10,0,2,0,0,0,0,13.4,3.4,14.7,2023,3,Cluster Desa Potensial sebagai Pusat Pertumbuhan Ekonomi Baru
Sukawati,Ketewel,1693.0,0,28,6,1,0,4,0,0,5,15,0,1,1,0,12,6,16.4,5.0,14.1,2023,3,Cluster Desa Potensial sebagai Pusat Pertumbuhan Ekonomi Baru
Sukawati,Guwang,1454.0,0,2,2,0,0,1,0,0,2,7,1,2,0,0,4,4,14.0,2.5,14.6,2023,3,Cluster Desa Potensial sebagai Pusat Pertumbuhan Ekonomi Baru
Sukawati,Sukawati,1759.0,0,10,4,3,1,9,1,0,3,14,3,5,1,2,7,27,11.4,0.021,11.3,2023,0,Cluster Desa Maju Pariwisata
Sukawati,Celuk,1495.0,0,8,3,0,0,4,0,1,3,7,0,2,0,0,3,5,11.7,1.9,13.2,2023,3,Cluster Desa Potensial sebagai Pusat Pertumbuhan Ekonomi Baru
Sukawati,Singapadu,1679.0,0,3,4,3,0,4,0,0,3,7,1,2,0,0,13,6,10.3,4.2,14.5,2023,3,Cluster Desa Potensial sebagai Pusat Pertumbuhan Ekonomi Baru
Sukawati,Singapadu Tengah,1598.0,0,13,3,0,0,4,0,0,3,7,0,1,0,0,9,2,8.8,5.6,12.9,2023,3,Cluster Desa Potensial sebagai Pusat Pertumbuhan Ekonomi Baru
Sukawati,Singapadu Kaler,1901.0,0,12,4,1,0,3,0,0,4,8,0,2,0,0,9,7,6.9,7.2,11.8,2023,3,Cluster Desa Potensial sebagai Pusat Pertumbuhan Ekonomi Baru
Sukawati,Batuan,2176.0,0,14,2,1,0,4,0,0,3,21,0,2,0,0,3,3,9.5,2.0,10.7,2023,3,Cluster Desa Potensial sebagai Pusat Pertumbuhan Ekonomi Baru
Sukawati,Batuan Kaler,1717.0,0,2,2,1,0,1,0,0,7,4,1,0,0,0,5,9,7.9,3.6,9.1,2023,3,Cluster Desa Potensial sebagai Pusat Pertumbuhan Ekonomi Baru
Sukawati,Kemenuh,1378.0,2,92,5,0,0,7,0,0,5,15,1,1,0,0,7,10,8.8,4.1,7.2,2023,3,Cluster Desa Potensial sebagai Pusat Pertumbuhan Ekonomi Baru
Tampaksiring,Pejeng Kawan,1471.0,0,50,1,0,0,1,0,0,1,6,0,0,0,0,0,1,2.7,12.3,8.5,2023,3,Cluster Desa Potensial sebagai Pusat Pertumbuhan Ekonomi Baru
Tampaksiring,Pejeng,2143.0,0,22,2,1,0,3,1,0,2,6,3,2,0,1,8,4,4.0,12.5,7.4,2023,3,Cluster Desa Potensial sebagai Pusat Pertumbuhan Ekonomi Baru
Tampaksiring,Pejeng Kelod,1323.0,0,10,4,0,0,5,0,0,1,3,0,1,0,0,2,2,5.6,12.9,5.7,2023,3,Cluster Desa Potensial sebagai Pusat Pertumbuhan Ekonomi Baru
Tampaksiring,Pejeng Kangin,1448.0,1,8,4,0,0,5,0,0,0,8,0,0,0,0,3,1,7.8,16.2,9.0,2023,3,Cluster Desa Potensial sebagai Pusat Pertumbuhan Ekonomi Baru
Tampaksiring,Pejeng Kaja,1491.0,2,24,4,0,0,4,0,0,3,10,0,1,0,0,2,1,7.7,16.9,11.8,2023,3,Cluster Desa Potensial sebagai Pusat Pertumbuhan Ekonomi Baru
Tampaksiring,Sanding,1037.0,0,4,2,0,0,1,0,0,2,7,1,0,1,0,5,2,8.8,18.8,13.7,2023,3,Cluster Desa Potensial sebagai Pusat Pertumbuhan Ekonomi Baru
Tampaksiring,Tampaksiring,1320.0,2,8,4,3,0,7,0,0,0,13,5,1,0,1,14,6,12.7,22.7,16.9,2023,1,Cluster Desa Perlu Dibantu
Tampaksiring,Manukaya,843.0,0,7,5,0,0,10,0,0,4,13,2,1,0,0,6,6,14.8,24.8,19.0,2023,1,Cluster Desa Perlu Dibantu
Tegallalang,Keliki,1085.0,7,85,1,0,0,2,0,0,6,4,0,0,0,0,2,18,10.5,20.1,19.8,2023,1,Cluster Desa Perlu Dibantu
Tegallalang,Tegallalang,1224.0,4,18,6,2,0,7,0,0,7,11,4,2,1,1,11,20,8.7,18.3,17.9,2023,0,Cluster Desa Maju Pariwisata
Tegallalang,Kenderan,775.0,4,22,3,0,0,3,0,0,4,10,0,0,0,0,1,2,7.8,17.4,17.0,2023,3,Cluster Desa Potensial sebagai Pusat Pertumbuhan Ekonomi Baru
Tegallalang,Kedisan,835.0,0,15,2,0,0,5,0,0,9,7,0,0,0,0,3,7,13.2,25.2,20.2,2023,1,Cluster Desa Perlu Dibantu
Tegallalang,Pupuan,612.0,0,8,0,0,0,7,0,0,4,6,0,1,0,0,3,2,19.1,28.5,22.7,2023,1,Cluster Desa Perlu Dibantu
Tegallalang,Sebatu,805.0,3,30,4,0,0,9,0,0,19,9,2,1,1,0,8,10,14.5,24.1,22.0,2023,1,Cluster Desa Perlu Dibantu
Tegallalang,Taro,859.0,0,40,1,0,0,12,0,0,5,14,0,1,0,0,2,20,18.4,29.3,29.1,2023,1,Cluster Desa Perlu Dibantu
Ubud,Singakerta,1785.0,24,26,7,0,0,6,0,0,16,0,1,2,0,2,8,6,6.0,8.1,12.6,2023,0,Cluster Desa Maju Pariwisata
Ubud,Lodtunduh,1263.0,38,25,5,0,0,4,0,0,16,0,0,0,0,1,4,8,6.2,5.8,10.3,2023,0,Cluster Desa Maju Pariwisata
Ubud,Mas,2721.0,86,170,7,1,0,6,0,0,18,0,2,2,0,1,9,40,5.0,6.4,10.2,2023,0,Cluster Desa Maju Pariwisata
Ubud,Peliatan,2098.0,5,770,9,3,5,5,0,0,6,12,2,1,0,1,18,20,2.2,9.4,8.5,2023,0,Cluster Desa Maju Pariwisata
Ubud,Petulu,2966.0,32,144,1,1,4,4,0,0,10,0,2,0,0,0,5,16,2.9,12.5,12.1,2023,0,Cluster Desa Maju Pariwisata
Ubud,Ubud,1170.0,233,875,15,2,0,6,1,0,17,0,6,1,0,0,43,123,0.006,11.6,11.2,2023,0,Cluster Desa Maju Pariwisata
Ubud,Sayan,912.0,32,450,7,1,0,2,0,0,15,0,1,2,0,2,10,24,2.6,13.2,13.9,2023,0,Cluster Desa Maju Pariwisata
Ubud,Kedewatan,1868.0,55,46,2,1,0,5,0,0,14,0,1,0,1,1,9,28,4.9,16.4,17.4,2023,0,Cluster Desa Maju Pariwisata
